{
   "bottom_shell_layers" : "4",
   "bottom_shell_thickness" : "0",
   "bottom_surface_pattern" : "monotonic",
   "bridge_acceleration" : "1000",
   "bridge_angle" : "0",
   "bridge_flow" : "1",
   "bridge_no_support" : "1",
   "bridge_speed" : "35",
   "brim_object_gap" : "0",
   "brim_type" : "outer_only",
   "brim_width" : "0",
   "compatible_printers" : "\"Ender 3 V3 SE\";\"Ender 3 V3 SE (Klipper)\"",
   "compatible_printers_condition" : "",
   "default_acceleration" : "2500",
   "detect_overhang_wall" : "1",
   "detect_thin_wall" : "1",
   "draft_shield" : "0",
   "elefant_foot_compensation" : "0.1",
   "enable_arc_fitting" : "disabled",
   "enable_overhang_speed" : "1",
   "enable_prime_tower" : "0",
   "enable_support" : "0",
   "enforce_support_layers" : "0",
   "extra_perimeters_on_overhangs" : "0",
   "filename_format" : "{input_filename_base}_{print_time}_{digits(layer_height,1,2)}mm_{temperature{0}}C_{filament_type{0}}_{printer_model}.gcode",
   "from" : "User",
   "fuzzy_skin" : "none",
   "fuzzy_skin_point_distance" : "0.8",
   "fuzzy_skin_thickness" : "0.3",
   "gap_infill_speed" : "40",
   "gcode_comments" : "0",
   "gcode_label_objects" : "octoprint",
   "infill_anchor" : "600%",
   "infill_anchor_max" : "50",
   "infill_combination" : "1",
   "infill_direction" : "45",
   "infill_wall_overlap" : "15%",
   "inherits" : "Normal 0.20mm @ Ender 3 V3 SE",
   "initial_layer_acceleration" : "500",
   "initial_layer_line_width" : "0.42",
   "initial_layer_print_height" : "0.2",
   "initial_layer_speed" : "20",
   "inner_wall_acceleration" : "2000",
   "inner_wall_line_width" : "0.44",
   "inner_wall_speed" : "90",
   "interface_shells" : "0",
   "internal_solid_infill_acceleration" : "2500",
   "internal_solid_infill_line_width" : "0.44",
   "internal_solid_infill_speed" : "180",
   "ironing_flow" : "15%",
   "ironing_spacing" : "0.1",
   "ironing_speed" : "15",
   "ironing_type" : "no ironing",
   "is_custom_defined" : "1",
   "layer_height" : "0.24",
   "line_width" : "0.44",
   "max_travel_detour_distance" : "0",
   "min_bead_width" : "85%",
   "min_feature_size" : "25%",
   "minimum_sparse_infill_area" : "0",
   "name" : "Normal 0.24mm @ Ender 3 V3 SE",
   "notes" : [
      "v1.2.3"
   ],
   "ooze_prevention" : "0",
   "outer_wall_acceleration" : "1000",
   "outer_wall_line_width" : "0.42",
   "outer_wall_speed" : "60",
   "overhang_1_4_speed" : "100%",
   "overhang_2_4_speed" : "50",
   "overhang_3_4_speed" : "40",
   "overhang_4_4_speed" : "35",
   "post_process" : [
      ""
   ],
   "prime_tower_brim_width" : "2",
   "prime_tower_width" : "60",
   "print_sequence" : "by layer",
   "print_settings_id" : "Normal 0.24mm @ Ender 3 V3 SE",
   "raft_contact_distance" : "0.1",
   "raft_expansion" : "1.5",
   "raft_first_layer_density" : "90%",
   "raft_first_layer_expansion" : "3",
   "raft_layers" : "0",
   "reduce_crossing_wall" : "0",
   "reduce_infill_retraction" : "0",
   "resolution" : "0",
   "seam_position" : "aligned",
   "skirt_distance" : "3",
   "skirt_height" : "2",
   "skirt_loops" : "2",
   "slice_closing_radius" : "0.049",
   "slicing_mode" : "regular",
   "small_perimeter_speed" : "40",
   "solid_infill_filament" : "1",
   "sparse_infill_acceleration" : "2500",
   "sparse_infill_density" : "10%",
   "sparse_infill_filament" : "1",
   "sparse_infill_line_width" : "0.44",
   "sparse_infill_pattern" : "cubic",
   "sparse_infill_speed" : "180",
   "spiral_mode" : "0",
   "staggered_inner_seams" : "0",
   "standby_temperature_delta" : "-5",
   "support_angle" : "0",
   "support_base_pattern" : "rectilinear",
   "support_base_pattern_spacing" : "2.5",
   "support_bottom_z_distance" : "0.15",
   "support_filament" : "1",
   "support_interface_bottom_layers" : "-1",
   "support_interface_filament" : "1",
   "support_interface_loop_pattern" : "0",
   "support_interface_pattern" : "rectilinear",
   "support_interface_spacing" : "0",
   "support_interface_speed" : "60",
   "support_interface_top_layers" : "2",
   "support_line_width" : "0.35",
   "support_object_xy_distance" : "0.21",
   "support_on_build_plate_only" : "0",
   "support_speed" : "60",
   "support_style" : "grid",
   "support_threshold_angle" : "0",
   "support_top_z_distance" : "0.15",
   "support_type" : "normal(auto)",
   "thick_bridges" : "1",
   "top_shell_layers" : "4",
   "top_shell_thickness" : "0",
   "top_surface_acceleration" : "2500",
   "top_surface_line_width" : "0.4",
   "top_surface_pattern" : "monotonic",
   "top_surface_speed" : "40",
   "travel_acceleration" : "2500",
   "travel_speed" : "150",
   "travel_speed_z" : "0",
   "tree_support_angle_slow" : "25",
   "tree_support_branch_angle" : "40",
   "tree_support_branch_diameter" : "2",
   "tree_support_branch_diameter_angle" : "5",
   "tree_support_branch_diameter_double_wall" : "3",
   "tree_support_tip_diameter" : "0.8",
   "tree_support_top_rate" : "15%",
   "version" : "1.6.0.0",
   "wall_distribution_count" : "1",
   "wall_filament" : "1",
   "wall_generator" : "arachne",
   "wall_infill_order" : "inner wall/outer wall/infill",
   "wall_loops" : "2",
   "wall_transition_angle" : "10",
   "wall_transition_filter_deviation" : "25%",
   "wall_transition_length" : "100%",
   "wipe_tower_no_sparse_layers" : "0",
   "xy_contour_compensation" : "0"
}
