{
   "close_fan_the_first_x_layers" : "3",
   "compatible_printers" : "\"Ender 3 V3 SE\";\"Ender 3 V3 SE (Klipper)\"",
   "compatible_printers_condition" : "",
   "compatible_prints" : "",
   "compatible_prints_condition" : "",
   "cool_plate_temp" : "75",
   "cool_plate_temp_initial_layer" : "75",
   "default_filament_colour" : "#29B2B2",
   "eng_plate_temp" : "75",
   "eng_plate_temp_initial_layer" : "75",
   "fan_cooling_layer_time" : "60",
   "fan_max_speed" : "50",
   "fan_min_speed" : "30",
   "filament_cost" : "30",
   "filament_density" : "1.27",
   "filament_diameter" : "1.75",
   "filament_end_gcode" : [
      "; Filament-specific end gcode \n;END gcode for filament\n"
   ],
   "filament_flow_ratio" : "1",
   "filament_max_volumetric_speed" : "10",
   "filament_minimal_purge_on_wipe_tower" : "15",
   "filament_notes" : [
      "v1.2.3"
   ],
   "filament_retraction_length" : "1.4",
   "filament_settings_id" : "PETG 240C 75C",
   "filament_soluble" : "0",
   "filament_start_gcode" : [
      "; Filament gcode\n"
   ],
   "filament_type" : "PETG",
   "filament_vendor" : "(Unknown)",
   "filament_z_hop" : "0",
   "from" : "User",
   "full_fan_speed_layer" : "0",
   "hot_plate_temp" : "75",
   "hot_plate_temp_initial_layer" : "75",
   "inherits" : "PETG 230C 70C",
   "is_custom_defined" : "1",
   "name" : "PETG 240C 75C",
   "nozzle_temperature" : "240",
   "nozzle_temperature_initial_layer" : "240",
   "nozzle_temperature_range_high" : "240",
   "nozzle_temperature_range_low" : "0",
   "overhang_fan_speed" : "100",
   "reduce_fan_stop_start_freq" : "1",
   "slow_down_for_layer_cooling" : "1",
   "slow_down_layer_time" : "5",
   "slow_down_min_speed" : "20",
   "textured_plate_temp" : "75",
   "textured_plate_temp_initial_layer" : "75",
   "version" : "1.6.0.0"
}
