{
   "bed_custom_model" : "",
   "bed_custom_texture" : "",
   "before_layer_change_gcode" : [
      ";BEFORE_LAYER_CHANGE\nG92 E0\n;{layer_z}\n\n"
   ],
   "change_filament_gcode" : [
      ""
   ],
   "default_print_profile" : "",
   "deretraction_speed" : "40",
   "from" : "User",
   "gcode_flavor" : "klipper",
   "inherits" : "Creality Ender-3 V3 KE 0.4 nozzle",
   "is_custom_defined" : "1",
   "layer_change_gcode" : [
      ";AFTER_LAYER_CHANGE\n;{layer_z}\nSET_PRINT_STATS_INFO CURRENT_LAYER={layer_num + 1}\n\n{if complete_objects == false}\n{if layer_num == 1}M220 S50  ; Set speed to 50% for layer 2\n{elsif layer_num == 2}M220 S75  ; Set speed to 75% for layer 3\n{elsif layer_num == 3}M220 S100 ; Set speed to 100% for layer 4\n{endif}\n{else}\n{if layer_z < first_layer_height + 0.5*layer_height}; first layer is already handled by preset\n{elsif layer_z < first_layer_height + 1.5*layer_height}M220 S50  ; Set speed to 50% for layer 2\n{elsif layer_z < first_layer_height + 2.5*layer_height}M220 S75  ; Set speed to 75% for layer 3\n{elsif layer_z < first_layer_height + 3.5*layer_height}M220 S100 ; Set speed to 100% for layer 4\n{endif}\n{endif}"
   ],
   "machine_end_gcode" : [
      "G91 ; Set all axis to relative\nG1 E-1 ; Retract a little\nG1 E-1 Z0.2 F240 ; Retract more and raise Z\nG1 X5 Y5 F1000 ; Move out of the melt zone\n{if max_layer_z < max_print_height-15}G1 Z10 F240 ; Move Z up {endif}\nG90 ; Set all axis to absolute\nG1 X0 Y{print_bed_max[1]*0.85} F3000 ; Present print\n\nM220 S100 ; Reset feedrate percentage\nM140 S0 ; turn off heatbed\nM104 S0 ; turn off temperature\nM107 ; turn off fan\nM84 X Y E ; disable motors\n; total layers count = [total_layer_count]"
   ],
   "machine_max_acceleration_e" : [
      "4000",
      "5000"
   ],
   "machine_max_acceleration_extruding" : [
      "4000",
      "1250"
   ],
   "machine_max_acceleration_retracting" : [
      "4000",
      "1250"
   ],
   "machine_max_acceleration_travel" : [
      "4000",
      "1250"
   ],
   "machine_max_acceleration_x" : [
      "4000",
      "1000"
   ],
   "machine_max_acceleration_y" : [
      "4000",
      "1000"
   ],
   "machine_max_acceleration_z" : [
      "500",
      "200"
   ],
   "machine_max_jerk_e" : [
      "5",
      "2.5"
   ],
   "machine_max_jerk_x" : [
      "10",
      "10"
   ],
   "machine_max_jerk_y" : [
      "10",
      "10"
   ],
   "machine_max_jerk_z" : [
      "0.4",
      "0.4"
   ],
   "machine_max_speed_e" : [
      "50",
      "120"
   ],
   "machine_max_speed_x" : [
      "500",
      "200"
   ],
   "machine_max_speed_y" : [
      "500",
      "200"
   ],
   "machine_max_speed_z" : [
      "5",
      "12"
   ],
   "machine_min_extruding_rate" : [
      "0",
      "0"
   ],
   "machine_min_travel_rate" : [
      "0",
      "0"
   ],
   "machine_pause_gcode" : [
      "M600"
   ],
   "machine_start_gcode" : [
      "G90 ; use absolute coordinates\nM83 ; extruder relative mode\nM104 S150 ; set temporary nozzle temp to prevent oozing during homing\nM140 S{first_layer_bed_temperature[0]} ; set final bed temp\nM190 S{first_layer_bed_temperature[0]} ; wait for bed temp to stabilize\nM220 S100 ;Reset Feedrate\nM221 S100 ;Reset Flowrate\nG28 ; home all axis and restore leveling\nBED_MESH_CALIBRATE ; Auto Level\nSET_PRINT_STATS_INFO TOTAL_LAYER=[total_layer_count]\n\nG1 X2.0 Y10 F3000\nG1 Z0.28 F240\nM104 S{first_layer_temperature[0]} ; set final nozzle temp\nM109 S{first_layer_temperature[0]} ; wait for nozzle temp to stabilize\n\nG1 X2 Y30 E2 F1200 ; Slowly move away from the possible blob at the nozzle\nG92 E0\n"
   ],
   "max_layer_height" : "0.32",
   "min_layer_height" : "0.06",
   "name" : "Ender 3 V3 SE (Klipper)",
   "nozzle_diameter" : "0.4",
   "print_host" : "",
   "printable_area" : [
      "0x0",
      "230x0",
      "230x225",
      "0x225"
   ],
   "printable_height" : "250",
   "printer_notes" : [
      "v1.2.3"
   ],
   "printer_settings_id" : "Ender 3 V3 SE (Klipper)",
   "printer_technology" : "FFF",
   "printer_variant" : "",
   "retract_before_wipe" : "0%",
   "retract_length_toolchange" : "10",
   "retract_restart_extra" : "0",
   "retract_restart_extra_toolchange" : "0",
   "retract_when_changing_layer" : "1",
   "retraction_length" : "1.4",
   "retraction_minimum_travel" : "2",
   "retraction_speed" : "40",
   "silent_mode" : "0",
   "single_extruder_multi_material" : "0",
   "template_custom_gcode" : [
      ""
   ],
   "thumbnails" : [
      "32x32/PNG",
      " 256x256/PNG"
   ],
   "thumbnails_format" : "PNG",
   "use_firmware_retraction" : "0",
   "use_relative_e_distances" : "1",
   "version" : "1.6.0.0",
   "wipe" : "1",
   "z_hop" : "0.2"
}
